{
"data" : [
  {
    "id": 1,
    "name": "Super Tires",
    "description": "These tires are the very best",
    "inStock": 5,
    "price": 50000,
    "image": "/images/tires.jpg",
    "featured": false,
    "quantity" : 0
  },
  {
    "id": 2,
    "name": "Reinforced Shocks",
    "description": "Shocks made from kryptonite",
    "inStock": 4,
    "price": 150000,
    "image": "/images/shocks.jpg",
    "featured": true,
    "quantity" : 0
  },
  {
    "id": 3,
    "name": "Padded Seats",
    "description": "Super soft seats for a smooth ride",
    "inStock": 0,
    "price": 240000,
    "image": "/images/seats.jpg",
    "featured": false,
    "quantity" : 0
  }
]
}